text,label,session
"<pad>,<pad>,<pad>,<pad>,<pad>,<pad>,<pad>,<pad>,<pad>,<pad>,<pad>,<pad>,One,defendant,was,acquitted,<pad>,<pad>,<pad>,<pad>,<pad>,<pad>,<pad>,<pad>,<pad>,<pad>,<pad>,<pad>,<pad>,<pad>,<pad>",0,1
"<pad>,<pad>,<pad>,<pad>,<pad>,<pad>,<pad>,<pad>,we're,not,going,to,let,this,guy,walk,<pad>,<pad>,<pad>,<pad>,<pad>,<pad>,<pad>,<pad>,<pad>,<pad>,<pad>,<pad>,<pad>,<pad>,<pad>",0,1
"<pad>,<pad>,<pad>,<pad>,<pad>,<pad>,<pad>,<pad>,<pad>,<pad>,<pad>,<pad>,Wouter,Basson,was,acquitted,in,April,2002,on,46,charges,,ranging,from,murder,and,drug,trafficking,to,fraud,and",0,1
"highest,appeals,court,in,the,country,,means,that,Basson,cannot,be,tried,again,and,his,acquittal,<pad>,<pad>,<pad>,<pad>,<pad>,<pad>,<pad>,<pad>,<pad>,<pad>,<pad>,<pad>,<pad>,<pad>,<pad>",0,1
"as,he,tried,to,flee),had,a,serious,criminal,past,but,has,been,allowed,to,walk,free,<pad>,<pad>,<pad>,<pad>,<pad>,<pad>,<pad>,<pad>,<pad>,<pad>,<pad>,<pad>,<pad>,<pad>",0,1
"an,agreement,with,the,prosecution,that,the,case,be,postponed,for,a,month,while,the,appeal,<pad>,<pad>,<pad>,<pad>,<pad>,<pad>,<pad>,<pad>,<pad>,<pad>,<pad>,<pad>,<pad>,<pad>,<pad>",1,1
"<pad>,Anwar's,lawyers,said,they,were,filing,a,fresh,request,for,bail,pending,a,further,appeal,<pad>,<pad>,<pad>,<pad>,<pad>,<pad>,<pad>,<pad>,<pad>,<pad>,<pad>,<pad>,<pad>,<pad>,<pad>",1,1
"<pad>,<pad>,<pad>,<pad>,<pad>,<pad>,<pad>,<pad>,<pad>,<pad>,<pad>,<pad>,He,lost,an,appeal,case,on,his,sodomy,sentence,on,April,18,<pad>,<pad>,<pad>,<pad>,<pad>,<pad>,<pad>",1,1
"<pad>,<pad>,<pad>,<pad>,<pad>,<pad>,<pad>,<pad>,<pad>,the,convicted,have,15,days,to,appeal,<pad>,<pad>,<pad>,<pad>,<pad>,<pad>,<pad>,<pad>,<pad>,<pad>,<pad>,<pad>,<pad>,<pad>,<pad>",1,1
"<pad>,<pad>,<pad>,<pad>,<pad>,<pad>,<pad>,<pad>,<pad>,<pad>,<pad>,Anwar,is,expected,to,appeal,again,with,the,Federal,Court,,Malaysia,<pad>,<pad>,<pad>,<pad>,<pad>,<pad>,<pad>,<pad>,<pad>",1,1
"<pad>,<pad>,<pad>,<pad>,<pad>,<pad>,a,leader,of,Turkey's,pro-Islamic,movement,when,he,was,jailed,,said,he,moderated,his,policies,in,prison,<pad>,<pad>,<pad>,<pad>,<pad>,<pad>,<pad>,<pad>",2,1
"<pad>,<pad>,<pad>,<pad>,<pad>,<pad>,<pad>,Lisa,M.,Montgomery,,36,,of,Melvern,,Kan.,,was,arrested,later,Friday,and,charged,with,kidnapping,resulting,in,death,<pad>,<pad>,<pad>,<pad>,<pad>,<pad>",2,1
"<pad>,<pad>,<pad>,<pad>,<pad>,<pad>,<pad>,Most,homosexuals,arrested,during,the,Nazi,era,were,imprisoned,in,normal,jails,<pad>,<pad>,<pad>,<pad>,<pad>,<pad>,<pad>,<pad>,<pad>,<pad>,<pad>,<pad>",2,1
"<pad>,<pad>,<pad>,<pad>,<pad>,<pad>,<pad>,<pad>,<pad>,<pad>,<pad>,<pad>,<pad>,<pad>,we,caught,that,guy,<pad>,<pad>,<pad>,<pad>,<pad>,<pad>,<pad>,<pad>,<pad>,<pad>,<pad>,<pad>,<pad>",2,1
"<pad>,<pad>,<pad>,<pad>,<pad>,<pad>,<pad>,<pad>,<pad>,<pad>,<pad>,<pad>,<pad>,whoever,you,arrest,<pad>,<pad>,<pad>,<pad>,<pad>,<pad>,<pad>,<pad>,<pad>,<pad>,<pad>,<pad>,<pad>,<pad>,<pad>",2,1
"<pad>,<pad>,<pad>,<pad>,<pad>,<pad>,<pad>,<pad>,<pad>,<pad>,<pad>,<pad>,<pad>,<pad>,<pad>,birth,to,the,couple's,third,child,at,1:52,a.m.,at,a,Los,Angeles-area,hospital,<pad>,<pad>",4,1
"<pad>,<pad>,<pad>,<pad>,<pad>,<pad>,<pad>,<pad>,<pad>,A,baby,girl,who,had,been,cut,out,of,her,mother's,womb,<pad>,<pad>,<pad>,<pad>,<pad>,<pad>,<pad>,<pad>,<pad>,<pad>",4,1
"<pad>,<pad>,<pad>,<pad>,<pad>,<pad>,<pad>,<pad>,<pad>,<pad>,<pad>,<pad>,<pad>,that,was,ripped,<pad>,<pad>,<pad>,<pad>,<pad>,<pad>,<pad>,<pad>,<pad>,<pad>,<pad>,<pad>,<pad>,<pad>,<pad>",4,1
"<pad>,<pad>,<pad>,<pad>,<pad>,<pad>,<pad>,<pad>,<pad>,<pad>,<pad>,<pad>,<pad>,<pad>,<pad>,Childbirth,<pad>,<pad>,<pad>,<pad>,<pad>,<pad>,<pad>,<pad>,<pad>,<pad>,<pad>,<pad>,<pad>,<pad>,<pad>",4,1
"<pad>,<pad>,<pad>,<pad>,<pad>,<pad>,<pad>,<pad>,<pad>,<pad>,<pad>,<pad>,<pad>,<pad>,New,Zealand-born,Hunter,<pad>,<pad>,<pad>,<pad>,<pad>,<pad>,<pad>,<pad>,<pad>,<pad>,<pad>,<pad>,<pad>,<pad>",4,1
"<pad>,<pad>,<pad>,<pad>,<pad>,<pad>,<pad>,<pad>,<pad>,<pad>,<pad>,<pad>,<pad>,Ranjha,was,accused,of,tearing,down,a,billboard,carrying,verses,from,the,Koran,in,Faisalabad,during,a,Christian",5,1
"<pad>,<pad>,The,other,three,,two,men,and,one,woman,,have,already,been,released,without,charge,<pad>,<pad>,<pad>,<pad>,<pad>,<pad>,<pad>,<pad>,<pad>,<pad>,<pad>,<pad>,<pad>,<pad>,<pad>",5,1
"<pad>,<pad>,<pad>,<pad>,<pad>,<pad>,<pad>,<pad>,<pad>,<pad>,<pad>,<pad>,<pad>,the,man,accused,of,the,brutal,killings,<pad>,<pad>,<pad>,<pad>,<pad>,<pad>,<pad>,<pad>,<pad>,<pad>,<pad>",5,1
"<pad>,<pad>,<pad>,<pad>,<pad>,<pad>,<pad>,<pad>,<pad>,<pad>,<pad>,<pad>,50,executives,now,charged,in,america,<pad>,<pad>,<pad>,<pad>,<pad>,<pad>,<pad>,<pad>,<pad>,<pad>,<pad>,<pad>,<pad>",5,1
"<pad>,<pad>,<pad>,<pad>,<pad>,<pad>,<pad>,<pad>,<pad>,<pad>,<pad>,<pad>,<pad>,you,can't,charge,someone,for,killing,<pad>,<pad>,<pad>,<pad>,<pad>,<pad>,<pad>,<pad>,<pad>,<pad>,<pad>,<pad>",5,1
"The,court,also,dismissed,a,joint,appeal,by,Anwar's,adopted,brother,,Sukma,Darmawan,,who,was,convicted,together,with,Anwar,for,sodomy,in,August,2000,<pad>,<pad>,<pad>,<pad>,<pad>,<pad>,<pad>",6,2
"<pad>,<pad>,<pad>,<pad>,<pad>,<pad>,<pad>,<pad>,<pad>,<pad>,<pad>,<pad>,<pad>,<pad>,he,pled,guilty,to,two,counts,back,on,may,1st,<pad>,<pad>,<pad>,<pad>,<pad>,<pad>,<pad>",6,2
"<pad>,<pad>,<pad>,<pad>,<pad>,<pad>,<pad>,<pad>,<pad>,<pad>,<pad>,<pad>,Toefting,has,been,convicted,before,<pad>,<pad>,<pad>,<pad>,<pad>,<pad>,<pad>,<pad>,<pad>,<pad>,<pad>,<pad>,<pad>,<pad>",6,2
"<pad>,<pad>,<pad>,<pad>,<pad>,<pad>,<pad>,<pad>,<pad>,<pad>,<pad>,<pad>,<pad>,<pad>,<pad>,convicted,bomber,Timothy,McVeigh,<pad>,<pad>,<pad>,<pad>,<pad>,<pad>,<pad>,<pad>,<pad>,<pad>,<pad>,<pad>",6,2
"<pad>,<pad>,<pad>,<pad>,<pad>,<pad>,<pad>,<pad>,<pad>,<pad>,<pad>,<pad>,<pad>,I've,been,convicted,<pad>,<pad>,<pad>,<pad>,<pad>,<pad>,<pad>,<pad>,<pad>,<pad>,<pad>,<pad>,<pad>,<pad>,<pad>",6,2
"<pad>,<pad>,<pad>,<pad>,<pad>,<pad>,<pad>,<pad>,<pad>,<pad>,<pad>,<pad>,<pad>,<pad>,<pad>,Bankrupcy,<pad>,<pad>,<pad>,<pad>,<pad>,<pad>,<pad>,<pad>,<pad>,<pad>,<pad>,<pad>,<pad>,<pad>,<pad>",7,2
"<pad>,<pad>,<pad>,<pad>,<pad>,<pad>,<pad>,<pad>,<pad>,<pad>,<pad>,<pad>,<pad>,<pad>,<pad>,bankruptcy,<pad>,<pad>,<pad>,<pad>,<pad>,<pad>,<pad>,<pad>,<pad>,<pad>,<pad>,<pad>,<pad>,<pad>,<pad>",7,2
"<pad>,<pad>,<pad>,<pad>,<pad>,<pad>,<pad>,<pad>,<pad>,<pad>,<pad>,<pad>,<pad>,<pad>,<pad>,Bankrupcy,<pad>,<pad>,<pad>,<pad>,<pad>,<pad>,<pad>,<pad>,<pad>,<pad>,<pad>,<pad>,<pad>,<pad>,<pad>",7,2
"<pad>,<pad>,<pad>,<pad>,<pad>,<pad>,<pad>,<pad>,<pad>,<pad>,<pad>,the,company,to,avoid,bankruptcy,<pad>,<pad>,<pad>,<pad>,<pad>,<pad>,<pad>,<pad>,<pad>,<pad>,<pad>,<pad>,<pad>,<pad>,<pad>",7,2
"<pad>,<pad>,<pad>,<pad>,<pad>,<pad>,<pad>,<pad>,<pad>,<pad>,<pad>,<pad>,enron,filed,for,bankruptcy,<pad>,<pad>,<pad>,<pad>,<pad>,<pad>,<pad>,<pad>,<pad>,<pad>,<pad>,<pad>,<pad>,<pad>,<pad>",7,2
"a,human,chain,in,Japanese,characters,spelling,out,""No,War"",in,Osaka,on,Sunday,to,protest,<pad>,<pad>,<pad>,<pad>,<pad>,<pad>,<pad>,<pad>,<pad>,<pad>,<pad>,<pad>,<pad>,<pad>,<pad>",8,2
"<pad>,<pad>,<pad>,<pad>,<pad>,<pad>,<pad>,<pad>,<pad>,<pad>,<pad>,<pad>,200,000,people,start,protesting,in,Pakistan,<pad>,<pad>,<pad>,<pad>,<pad>,<pad>,<pad>,<pad>,<pad>,<pad>,<pad>,<pad>,<pad>",8,2
"<pad>,<pad>,<pad>,<pad>,<pad>,<pad>,<pad>,<pad>,<pad>,<pad>,<pad>,<pad>,several,thousand,demonstrators,took,to,the,streets,near,the,US,and,British,embassies,<pad>,<pad>,<pad>,<pad>,<pad>,<pad>",8,2
"<pad>,<pad>,<pad>,<pad>,<pad>,<pad>,<pad>,<pad>,<pad>,some,500,Jordanian,lawyers,staged,a,sit-in,<pad>,<pad>,<pad>,<pad>,<pad>,<pad>,<pad>,<pad>,<pad>,<pad>,<pad>,<pad>,<pad>,<pad>,<pad>",8,2
"<pad>,<pad>,<pad>,<pad>,<pad>,<pad>,<pad>,<pad>,<pad>,the,home,of,the,anti-,war,demonstrations,stemming,back,to,the,Vietnam,War,<pad>,<pad>,<pad>,<pad>,<pad>,<pad>,<pad>,<pad>,<pad>",8,2
"<pad>,<pad>,<pad>,<pad>,<pad>,<pad>,<pad>,<pad>,<pad>,<pad>,<pad>,<pad>,<pad>,I'm,remarried,,divorced,3,years,ago,<pad>,<pad>,<pad>,<pad>,<pad>,<pad>,<pad>,<pad>,<pad>,<pad>,<pad>,<pad>",10,2
"<pad>,<pad>,<pad>,<pad>,<pad>,<pad>,<pad>,<pad>,<pad>,<pad>,<pad>,Hunter,,34,,filed,for,divorce,in,Los,Angeles,Superior,Court,,citing,irreconcilable,differences,with,the,58-year-old,rock,star,to,whom",10,2
"<pad>,<pad>,<pad>,<pad>,<pad>,<pad>,<pad>,<pad>,<pad>,<pad>,<pad>,<pad>,<pad>,<pad>,their,divorce,<pad>,<pad>,<pad>,<pad>,<pad>,<pad>,<pad>,<pad>,<pad>,<pad>,<pad>,<pad>,<pad>,<pad>,<pad>",10,2
"<pad>,<pad>,<pad>,<pad>,<pad>,<pad>,<pad>,<pad>,<pad>,<pad>,<pad>,<pad>,<pad>,<pad>,<pad>,divorce,settlement,called,for,Giuliani,to,pay,Hanover,<pad>,<pad>,<pad>,<pad>,<pad>,<pad>,<pad>,<pad>",10,2
"<pad>,<pad>,<pad>,<pad>,<pad>,<pad>,<pad>,his,uh,,the,wife's,or,the,mother,said,divorce,<pad>,<pad>,<pad>,<pad>,<pad>,<pad>,<pad>,<pad>,<pad>,<pad>,<pad>,<pad>,<pad>,<pad>,<pad>",10,2
"<pad>,<pad>,<pad>,<pad>,<pad>,<pad>,<pad>,<pad>,<pad>,<pad>,<pad>,<pad>,<pad>,<pad>,<pad>,dismantle,organizations,like,hamas,<pad>,<pad>,<pad>,<pad>,<pad>,<pad>,<pad>,<pad>,<pad>,<pad>,<pad>,<pad>",12,2
"<pad>,<pad>,<pad>,<pad>,<pad>,<pad>,<pad>,<pad>,<pad>,the,American,Carousel,Society,had,recently,disbanded,<pad>,<pad>,<pad>,<pad>,<pad>,<pad>,<pad>,<pad>,<pad>,<pad>,<pad>,<pad>,<pad>,<pad>,<pad>",12,2
"<pad>,<pad>,<pad>,<pad>,<pad>,<pad>,<pad>,<pad>,<pad>,<pad>,<pad>,<pad>,<pad>,<pad>,<pad>,driving,doctors,out,of,their,practices,all,across,the,country,<pad>,<pad>,<pad>,<pad>,<pad>,<pad>",12,2
"<pad>,<pad>,<pad>,<pad>,<pad>,<pad>,<pad>,<pad>,<pad>,Many,small,businesses,will,have,to,close,down,<pad>,<pad>,<pad>,<pad>,<pad>,<pad>,<pad>,<pad>,<pad>,<pad>,<pad>,<pad>,<pad>,<pad>",12,2
"<pad>,<pad>,<pad>,<pad>,<pad>,<pad>,<pad>,<pad>,<pad>,<pad>,<pad>,<pad>,<pad>,them,to,disband,<pad>,<pad>,<pad>,<pad>,<pad>,<pad>,<pad>,<pad>,<pad>,<pad>,<pad>,<pad>,<pad>,<pad>,<pad>",12,2
"<pad>,<pad>,<pad>,<pad>,<pad>,<pad>,<pad>,<pad>,<pad>,<pad>,<pad>,<pad>,<pad>,<pad>,we,execute,them,now,<pad>,<pad>,<pad>,<pad>,<pad>,<pad>,<pad>,<pad>,<pad>,<pad>,<pad>,<pad>,<pad>",14,3
"<pad>,<pad>,<pad>,<pad>,<pad>,<pad>,<pad>,<pad>,<pad>,<pad>,<pad>,<pad>,<pad>,<pad>,<pad>,death,under,the,Pakistan,<pad>,<pad>,<pad>,<pad>,<pad>,<pad>,<pad>,<pad>,<pad>,<pad>,<pad>,<pad>",14,3
"he,would,be,the,first,in,,in,a,really,long,time,to,actually,--,be,killed,<pad>,<pad>,<pad>,<pad>,<pad>,<pad>,<pad>,<pad>,<pad>,<pad>,<pad>,<pad>,<pad>,<pad>,<pad>",14,3
"<pad>,<pad>,<pad>,<pad>,<pad>,<pad>,<pad>,<pad>,<pad>,<pad>,<pad>,<pad>,<pad>,tonight's,scheduled,execution,of,delma,banks,<pad>,<pad>,<pad>,<pad>,<pad>,<pad>,<pad>,<pad>,<pad>,<pad>,<pad>,<pad>",14,3
"<pad>,<pad>,<pad>,<pad>,<pad>,<pad>,<pad>,<pad>,<pad>,<pad>,state,proceedings,could,bring,the,death,penalty,if,nichols,<pad>,<pad>,<pad>,<pad>,<pad>,<pad>,<pad>,<pad>,<pad>,<pad>,<pad>,<pad>",14,3
"<pad>,<pad>,<pad>,<pad>,<pad>,<pad>,<pad>,<pad>,<pad>,<pad>,<pad>,<pad>,<pad>,<pad>,<pad>,extradition,<pad>,<pad>,<pad>,<pad>,<pad>,<pad>,<pad>,<pad>,<pad>,<pad>,<pad>,<pad>,<pad>,<pad>,<pad>",15,3
"<pad>,<pad>,<pad>,<pad>,<pad>,<pad>,<pad>,<pad>,<pad>,<pad>,<pad>,The,post-Milosevic,government,later,extradited,him,to,the,U.N.,war,crimes,tribunal,in,The,Hague,,the,Netherlands,<pad>,<pad>,<pad>",15,3
"<pad>,<pad>,<pad>,<pad>,<pad>,<pad>,<pad>,<pad>,<pad>,<pad>,<pad>,<pad>,<pad>,<pad>,<pad>,extradition,<pad>,<pad>,<pad>,<pad>,<pad>,<pad>,<pad>,<pad>,<pad>,<pad>,<pad>,<pad>,<pad>,<pad>,<pad>",15,3
"<pad>,<pad>,<pad>,<pad>,<pad>,<pad>,<pad>,<pad>,<pad>,<pad>,<pad>,<pad>,<pad>,<pad>,<pad>,extradition,that,she,signed,simply,means,that,if,she,skips,out,and,goes,to,another,state,",15,3
"<pad>,<pad>,<pad>,<pad>,<pad>,<pad>,<pad>,he's,currently,at,atlanta,police,department,headquarters,pending,extradition,back,to,the,state,of,louisiana,<pad>,<pad>,<pad>,<pad>,<pad>,<pad>,<pad>,<pad>,<pad>",15,3
"<pad>,<pad>,<pad>,<pad>,Waksal,was,also,ordered,to,pay,more,than,4,million,dollars,in,fines,<pad>,<pad>,<pad>,<pad>,<pad>,<pad>,<pad>,<pad>,<pad>,<pad>,<pad>,<pad>,<pad>,<pad>",16,3
"<pad>,<pad>,<pad>,<pad>,<pad>,<pad>,Saturday,,the,judge,also,ordered,Ranjha,to,pay,a,fine,of,50,000,rupees,(about,870,US,dollars,<pad>,<pad>,<pad>,<pad>,<pad>,<pad>,<pad>,<pad>",16,3
"<pad>,<pad>,<pad>,<pad>,<pad>,<pad>,<pad>,<pad>,<pad>,<pad>,<pad>,<pad>,<pad>,Miami,,they'll,pay,$210,000,<pad>,<pad>,<pad>,<pad>,<pad>,<pad>,<pad>,<pad>,<pad>,<pad>,<pad>,<pad>,<pad>,<pad>",16,3
"some,states,,for,example,,there,are,doctors,that,are,--,you,know,,there,are,45,payouts,in,ten,years,<pad>,<pad>,<pad>,<pad>,<pad>,<pad>,<pad>,<pad>,<pad>,<pad>,<pad>,<pad>",16,3
"<pad>,<pad>,a,judge,presiding,over,the,case,,MCI,would,agree,to,pay,the,largest,fine,imposed,so,far,by,the,SEC,<pad>,<pad>,<pad>,<pad>,<pad>,<pad>,<pad>,<pad>,<pad>",16,3
"fire,on,youths,throwing,stones,,hitting,a,9-year-old,Palestinian,boy,in,the,head,and,critically,wounding,him,<pad>,<pad>,<pad>,<pad>,<pad>,<pad>,<pad>,<pad>,<pad>,<pad>,<pad>,<pad>,<pad>,<pad>",17,3
"<pad>,<pad>,<pad>,<pad>,<pad>,<pad>,<pad>,<pad>,<pad>,<pad>,<pad>,<pad>,<pad>,<pad>,<pad>,injured,,including,some,Israeli,soldiers,,because,according,to,an,eyewitness,,he,said,many,soldiers,were,here",17,3
"<pad>,<pad>,<pad>,<pad>,<pad>,<pad>,<pad>,<pad>,<pad>,<pad>,<pad>,<pad>,more,than,45,wounded,,including,senior,Kurdish,commanders,<pad>,<pad>,<pad>,<pad>,<pad>,<pad>,<pad>,<pad>,<pad>,<pad>,<pad>",17,3
"a,bicycle,detonated,a,30-kilo,(66-pound),bomb,near,a,military,jeep,in,the,Gaza,Strip,,injuring,three,soldiers,<pad>,<pad>,<pad>,<pad>,<pad>,<pad>,<pad>,<pad>,<pad>,<pad>,<pad>,<pad>,<pad>",17,3
"<pad>,<pad>,<pad>,<pad>,<pad>,<pad>,<pad>,<pad>,<pad>,<pad>,<pad>,rocket,fire,and,another,wounded,<pad>,<pad>,<pad>,<pad>,<pad>,<pad>,<pad>,<pad>,<pad>,<pad>,<pad>,<pad>,<pad>,<pad>,<pad>",17,3
"<pad>,<pad>,<pad>,<pad>,<pad>,<pad>,<pad>,<pad>,<pad>,<pad>,<pad>,<pad>,<pad>,<pad>,<pad>,ceremony,<pad>,<pad>,<pad>,<pad>,<pad>,<pad>,<pad>,<pad>,<pad>,<pad>,<pad>,<pad>,<pad>,<pad>,<pad>",18,3
"<pad>,<pad>,<pad>,<pad>,<pad>,<pad>,<pad>,the,government,will,now,draft,legislation,legalizing,gay,marriages,<pad>,<pad>,<pad>,<pad>,<pad>,<pad>,<pad>,<pad>,<pad>,<pad>,<pad>,<pad>,<pad>,<pad>,<pad>",18,3
"<pad>,<pad>,<pad>,<pad>,<pad>,<pad>,<pad>,<pad>,<pad>,<pad>,<pad>,<pad>,<pad>,<pad>,<pad>,married,<pad>,<pad>,<pad>,<pad>,<pad>,<pad>,<pad>,<pad>,<pad>,<pad>,<pad>,<pad>,<pad>,<pad>,<pad>",18,3
"<pad>,<pad>,<pad>,<pad>,<pad>,<pad>,<pad>,<pad>,<pad>,<pad>,<pad>,<pad>,<pad>,<pad>,<pad>,wedding,<pad>,<pad>,<pad>,<pad>,<pad>,<pad>,<pad>,<pad>,<pad>,<pad>,<pad>,<pad>,<pad>,<pad>,<pad>",18,3
"<pad>,<pad>,<pad>,<pad>,<pad>,<pad>,<pad>,<pad>,<pad>,<pad>,<pad>,<pad>,<pad>,<pad>,<pad>,it,<pad>,<pad>,<pad>,<pad>,<pad>,<pad>,<pad>,<pad>,<pad>,<pad>,<pad>,<pad>,<pad>,<pad>,<pad>",18,3
"<pad>,<pad>,<pad>,<pad>,<pad>,<pad>,<pad>,<pad>,<pad>,Warner,Communications,,which,started,as,a,merger,between,business,in,the,three,most,mob-influenced,industries,around,<pad>,<pad>,<pad>,<pad>,<pad>,<pad>",20,4
"<pad>,<pad>,<pad>,<pad>,<pad>,<pad>,<pad>,<pad>,<pad>,<pad>,<pad>,<pad>,<pad>,<pad>,<pad>,merger,as,a,totally,unworkable,deal,between,two,sides,who,absolutely,hate,each,other,<pad>,<pad>",20,4
"<pad>,<pad>,<pad>,<pad>,<pad>,<pad>,<pad>,<pad>,<pad>,<pad>,<pad>,<pad>,<pad>,<pad>,<pad>,merger,and,acquisition,activity,doesn't,mean,much,in,the,early,days,of,a,business,<pad>,<pad>",20,4
"<pad>,<pad>,<pad>,<pad>,<pad>,<pad>,<pad>,<pad>,<pad>,<pad>,<pad>,<pad>,<pad>,<pad>,we,merged,with,Nations,Bank,<pad>,<pad>,<pad>,<pad>,<pad>,<pad>,<pad>,<pad>,<pad>,<pad>,<pad>,<pad>",20,4
"<pad>,<pad>,<pad>,<pad>,<pad>,ridiculously,overfunded,startups,are,buying,out,their,bankrupt,competitors,to,create,<pad>,<pad>,<pad>,<pad>,<pad>,<pad>,<pad>,<pad>,<pad>,<pad>,<pad>,<pad>,<pad>,<pad>,<pad>",20,4
"<pad>,<pad>,<pad>,<pad>,<pad>,<pad>,<pad>,<pad>,<pad>,<pad>,the,10th,candidate,for,the,nomination,<pad>,<pad>,<pad>,<pad>,<pad>,<pad>,<pad>,<pad>,<pad>,<pad>,<pad>,<pad>,<pad>,<pad>,<pad>",21,4
"<pad>,<pad>,<pad>,<pad>,<pad>,<pad>,<pad>,<pad>,<pad>,<pad>,<pad>,<pad>,<pad>,<pad>,I,nominate,John,K.,for,Virginia's,first,poet,laureate,<pad>,<pad>,<pad>,<pad>,<pad>,<pad>,<pad>,<pad>",21,4
"<pad>,<pad>,<pad>,<pad>,<pad>,<pad>,<pad>,<pad>,<pad>,<pad>,<pad>,<pad>,who,I,would,name,<pad>,<pad>,<pad>,<pad>,<pad>,<pad>,<pad>,<pad>,<pad>,<pad>,<pad>,<pad>,<pad>,<pad>,<pad>",21,4
"<pad>,<pad>,<pad>,<pad>,<pad>,<pad>,<pad>,<pad>,<pad>,<pad>,who,you,uh,you,would,name,<pad>,<pad>,<pad>,<pad>,<pad>,<pad>,<pad>,<pad>,<pad>,<pad>,<pad>,<pad>,<pad>,<pad>,<pad>",21,4
"<pad>,<pad>,<pad>,Secretary,for,Social,Affairs,and,Culture,Chui,Sai,On,,who,has,been,named,director,of,the,SARS,task,force,by,the,government,<pad>,<pad>,<pad>,<pad>,<pad>,<pad>",21,4
"<pad>,<pad>,<pad>,<pad>,<pad>,<pad>,<pad>,<pad>,<pad>,<pad>,they,hope,the,sailors,will,write,<pad>,<pad>,<pad>,<pad>,<pad>,<pad>,<pad>,<pad>,<pad>,<pad>,<pad>,<pad>,<pad>,<pad>,<pad>",23,4
"<pad>,<pad>,<pad>,<pad>,<pad>,<pad>,<pad>,<pad>,<pad>,<pad>,<pad>,those,NOAA,people,hadn't,used,<pad>,<pad>,<pad>,<pad>,<pad>,<pad>,<pad>,<pad>,<pad>,<pad>,<pad>,<pad>,<pad>,<pad>,<pad>",23,4
"<pad>,<pad>,<pad>,<pad>,<pad>,<pad>,<pad>,<pad>,<pad>,<pad>,<pad>,<pad>,we,may,have,talked,<pad>,<pad>,<pad>,<pad>,<pad>,<pad>,<pad>,<pad>,<pad>,<pad>,<pad>,<pad>,<pad>,<pad>,<pad>",23,4
"media,companies,in,the,country,was,in,the,business,of,bringing,you,""political,public,service,messages,<pad>,<pad>,<pad>,<pad>,<pad>,<pad>,<pad>,<pad>,<pad>,<pad>,<pad>,<pad>,<pad>,<pad>,<pad>",23,4
"<pad>,<pad>,<pad>,<pad>,<pad>,<pad>,<pad>,<pad>,<pad>,<pad>,<pad>,<pad>,<pad>,<pad>,<pad>,call,is,the,mother,<pad>,<pad>,<pad>,<pad>,<pad>,<pad>,<pad>,<pad>,<pad>,<pad>,<pad>,<pad>",23,4
"<pad>,<pad>,<pad>,<pad>,<pad>,<pad>,<pad>,<pad>,<pad>,<pad>,<pad>,<pad>,<pad>,<pad>,your,parole,<pad>,<pad>,<pad>,<pad>,<pad>,<pad>,<pad>,<pad>,<pad>,<pad>,<pad>,<pad>,<pad>,<pad>,<pad>",24,4
"<pad>,<pad>,<pad>,<pad>,<pad>,<pad>,<pad>,<pad>,<pad>,<pad>,<pad>,<pad>,<pad>,<pad>,his,release,<pad>,<pad>,<pad>,<pad>,<pad>,<pad>,<pad>,<pad>,<pad>,<pad>,<pad>,<pad>,<pad>,<pad>,<pad>",24,4
"<pad>,<pad>,<pad>,<pad>,<pad>,<pad>,<pad>,<pad>,<pad>,<pad>,<pad>,<pad>,<pad>,<pad>,his,release,<pad>,<pad>,<pad>,<pad>,<pad>,<pad>,<pad>,<pad>,<pad>,<pad>,<pad>,<pad>,<pad>,<pad>,<pad>",24,4
"<pad>,<pad>,<pad>,<pad>,<pad>,<pad>,<pad>,<pad>,<pad>,<pad>,negotiators,say,he,demanded,the,release,of,four,prisoners,,including,ramzi,binalshibh,<pad>,<pad>,<pad>,<pad>,<pad>,<pad>,<pad>,<pad>,<pad>",24,4
"<pad>,<pad>,<pad>,<pad>,<pad>,<pad>,<pad>,<pad>,<pad>,<pad>,<pad>,the,crime,boss',early,release,from,labor,camp,in,1990s,<pad>,<pad>,<pad>,<pad>,<pad>,<pad>,<pad>,<pad>,<pad>,<pad>",24,4
"<pad>,<pad>,<pad>,<pad>,<pad>,<pad>,<pad>,<pad>,<pad>,<pad>,<pad>,<pad>,<pad>,<pad>,<pad>,sentencing,should,Peterson,<pad>,<pad>,<pad>,<pad>,<pad>,<pad>,<pad>,<pad>,<pad>,<pad>,<pad>,<pad>,<pad>",25,4
"<pad>,<pad>,<pad>,<pad>,<pad>,<pad>,<pad>,<pad>,Indonesian,courts,have,increasingly,handed,out,severe,sentences,,including,death,,for,drug,smugglers,<pad>,<pad>,<pad>,<pad>,<pad>,<pad>,<pad>,<pad>,<pad>,<pad>",25,4
"that,allows,unchecked,judicial,reconsideration,,allowing,judges,to,reduce,prison,terms,at,any,time,after,sentencing,<pad>,<pad>,<pad>,<pad>,<pad>,<pad>,<pad>,<pad>,<pad>,<pad>,<pad>,<pad>,<pad>,<pad>,<pad>",25,4
"<pad>,<pad>,<pad>,<pad>,<pad>,<pad>,<pad>,<pad>,<pad>,the,first,chief,executive,to,be,sentenced,in,a,wave,of,corporate,scandals,and,that,started,with,the,big,enron,bankruptcy,into",25,4
"<pad>,<pad>,<pad>,<pad>,<pad>,<pad>,<pad>,<pad>,<pad>,<pad>,<pad>,<pad>,<pad>,He,was,sentenced,to,four,months,in,prison,<pad>,<pad>,<pad>,<pad>,<pad>,<pad>,<pad>,<pad>,<pad>,<pad>",25,4
"<pad>,<pad>,<pad>,<pad>,<pad>,<pad>,<pad>,<pad>,<pad>,their,nearby,store,,they,prepare,to,open,<pad>,<pad>,<pad>,<pad>,<pad>,<pad>,<pad>,<pad>,<pad>,<pad>,<pad>,<pad>,<pad>,<pad>,<pad>",26,5
"<pad>,<pad>,<pad>,<pad>,those,collectors,who,left,the,National,Carousel,Association,banded,together,to,form,the,American,Carousel,Society,(ACS),,whose,stated,aims,of,carousel,preservation,also,recognized,collectors,as",26,5
"Six,European,countries,have,agreed,to,contribute,troops,to,the,British,and,Polish,sectors,to,create,an,international,stability,force,<pad>,<pad>,<pad>,<pad>,<pad>,<pad>,<pad>,<pad>,<pad>,<pad>,<pad>",26,5
"<pad>,<pad>,<pad>,<pad>,<pad>,<pad>,<pad>,<pad>,<pad>,<pad>,<pad>,<pad>,<pad>,<pad>,<pad>,debut,of,easyCinema's,first,outlet,in,Milton,Keynes,,just,north,of,London,,which,is,due,to",26,5
"<pad>,<pad>,<pad>,<pad>,<pad>,<pad>,<pad>,<pad>,<pad>,<pad>,<pad>,<pad>,<pad>,<pad>,<pad>,create,<pad>,<pad>,<pad>,<pad>,<pad>,<pad>,<pad>,<pad>,<pad>,<pad>,<pad>,<pad>,<pad>,<pad>,<pad>",26,5
"<pad>,<pad>,<pad>,<pad>,<pad>,<pad>,<pad>,<pad>,<pad>,Who,would,you,like,to,see,appointed,<pad>,<pad>,<pad>,<pad>,<pad>,<pad>,<pad>,<pad>,<pad>,<pad>,<pad>,<pad>,<pad>,<pad>,<pad>",27,5
"<pad>,<pad>,<pad>,<pad>,<pad>,<pad>,<pad>,<pad>,<pad>,<pad>,<pad>,<pad>,<pad>,<pad>,<pad>,appointment,by,the,United,Nations,Secretary-,General,of,a,special,adviser,for,Iraq,to,work,with",27,5
"<pad>,<pad>,<pad>,<pad>,<pad>,<pad>,<pad>,<pad>,<pad>,<pad>,<pad>,<pad>,<pad>,<pad>,<pad>,employ,illegal,immigrants,<pad>,<pad>,<pad>,<pad>,<pad>,<pad>,<pad>,<pad>,<pad>,<pad>,<pad>,<pad>,<pad>",27,5
"<pad>,<pad>,<pad>,<pad>,<pad>,<pad>,<pad>,<pad>,<pad>,<pad>,<pad>,national,figures,would,you,appoint,<pad>,<pad>,<pad>,<pad>,<pad>,<pad>,<pad>,<pad>,<pad>,<pad>,<pad>,<pad>,<pad>,<pad>,<pad>",27,5
"<pad>,<pad>,<pad>,<pad>,<pad>,<pad>,<pad>,<pad>,<pad>,<pad>,<pad>,<pad>,they,should,be,appointed,<pad>,<pad>,<pad>,<pad>,<pad>,<pad>,<pad>,<pad>,<pad>,<pad>,<pad>,<pad>,<pad>,<pad>,<pad>",27,5
"<pad>,<pad>,<pad>,<pad>,<pad>,<pad>,Bankrupt,energy,giant,Enron,Corp,is,considering,bringing,legal,action,against,its,own,bankers,<pad>,<pad>,<pad>,<pad>,<pad>,<pad>,<pad>,<pad>,<pad>,<pad>,<pad>",28,5
"<pad>,<pad>,<pad>,<pad>,<pad>,<pad>,<pad>,<pad>,<pad>,<pad>,<pad>,Bechtel,and,GE,are,suing,the,Indian,Government,<pad>,<pad>,<pad>,<pad>,<pad>,<pad>,<pad>,<pad>,<pad>,<pad>,<pad>,<pad>",28,5
"JP,Morgan,Chase,and,Citigroup,,and,along,with,numerous,other,Enron,advisers,,have,already,been,sued,by,the,company's,shareholders,<pad>,<pad>,<pad>,<pad>,<pad>,<pad>,<pad>,<pad>,<pad>,<pad>,<pad>",28,5
"<pad>,<pad>,<pad>,<pad>,<pad>,<pad>,<pad>,<pad>,<pad>,<pad>,<pad>,<pad>,<pad>,<pad>,<pad>,action,<pad>,<pad>,<pad>,<pad>,<pad>,<pad>,<pad>,<pad>,<pad>,<pad>,<pad>,<pad>,<pad>,<pad>,<pad>",28,5
"<pad>,<pad>,<pad>,<pad>,<pad>,<pad>,<pad>,<pad>,<pad>,<pad>,<pad>,recent,months,,he's,been,sued,by,an,auction,house,for,non-payment,,and,by,a,concert,promoter,<pad>,<pad>,<pad>,<pad>",28,5
"filled,in,a,firearms,certificate,form,,will,be,smuggling,a,gun,into,the,country,or,selling,one,to,an,inner,city,youth,<pad>,<pad>,<pad>,<pad>,<pad>,<pad>,<pad>,<pad>,<pad>",30,5
"<pad>,<pad>,<pad>,<pad>,<pad>,<pad>,<pad>,<pad>,<pad>,<pad>,<pad>,<pad>,<pad>,an,outsider,buys,into,the,business,<pad>,<pad>,<pad>,<pad>,<pad>,<pad>,<pad>,<pad>,<pad>,<pad>,<pad>,<pad>",30,5
"<pad>,<pad>,<pad>,<pad>,<pad>,<pad>,the,italian,ship,that,was,taken,--,that,was,captured,by,palestinian,terrorists,back,in,1985,<pad>,<pad>,<pad>,<pad>,<pad>,<pad>,<pad>,<pad>,<pad>",30,5
"<pad>,<pad>,<pad>,<pad>,<pad>,<pad>,<pad>,<pad>,<pad>,<pad>,<pad>,<pad>,Ask,Jeeves,is,buying,Bloglines,<pad>,<pad>,<pad>,<pad>,<pad>,<pad>,<pad>,<pad>,<pad>,<pad>,<pad>,<pad>,<pad>,<pad>",30,5
"<pad>,<pad>,<pad>,<pad>,<pad>,<pad>,<pad>,<pad>,he,may,be,raising,this,money,to,buy,those,atlanta,sports,teams,that,apparently,are,on,the,block,<pad>,<pad>,<pad>,<pad>,<pad>",30,5
"<pad>,<pad>,<pad>,<pad>,<pad>,<pad>,<pad>,June,16,the,resumption,of,Estrada's,plunder,case,hearing,<pad>,<pad>,<pad>,<pad>,<pad>,<pad>,<pad>,<pad>,<pad>,<pad>,<pad>,<pad>,<pad>,<pad>,<pad>",32,5
"<pad>,<pad>,<pad>,<pad>,<pad>,<pad>,<pad>,<pad>,<pad>,<pad>,his,day,in,court,won't,come,until,january,2005,<pad>,<pad>,<pad>,<pad>,<pad>,<pad>,<pad>,<pad>,<pad>,<pad>,<pad>,<pad>",32,5
"<pad>,<pad>,<pad>,<pad>,<pad>,<pad>,prosecutors,presented,enough,evidence,at,a,preliminary,hearing,to,try,nichols,on,murder,<pad>,<pad>,<pad>,<pad>,<pad>,<pad>,<pad>,<pad>,<pad>,<pad>,<pad>,<pad>",32,5
"<pad>,<pad>,<pad>,<pad>,<pad>,<pad>,<pad>,<pad>,<pad>,<pad>,<pad>,<pad>,<pad>,<pad>,<pad>,hearing,was,scheduled,for,April,10,<pad>,<pad>,<pad>,<pad>,<pad>,<pad>,<pad>,<pad>,<pad>,<pad>",32,5
"<pad>,<pad>,<pad>,<pad>,<pad>,the,judge,refusing,to,recuse,himself,during,Basson's,2,1/2-year,trial,<pad>,<pad>,<pad>,<pad>,<pad>,<pad>,<pad>,<pad>,<pad>,<pad>,<pad>,<pad>,<pad>,<pad>,<pad>",32,5
